Corp Name,URL's for Checks & Updates from Smudge,,,,,,
Infinity Europ SARL,amorzee.com,,,,,,
Ennestrad Service OÜ,articlealchemy.net,,,,,,
XALTRONIS LIMITED,Cloud2phone.com,,,,,,
Jagmoth Digital OÜ,contentmagiconline.com,,,,,,
CiBC Company KFT,digikeyboard.com,,,,,,
CiBC Company KFT,digitalkeyboard.co.uk,,,,,,
CiBC Company KFT,digitalkeyboard.net,,,,,,
Karlov International OÜ,e-content4u.net,,,,,,
Nalvirox Tech Limited,gearovo.com,,,,,,
DI2 Sky Limited,globalsportplus.co.uk,,,,,,
DI2 Sky Limited,globalsportplus.com,,,,,,
DI2 Sky Limited,"globalsportplus.net,",,,,,,
DI2 Sky Limited,globalsportplus.org,,,,,,
BIVOLIX GLOBAL LIMITED,golfinex.com,,,,,,
UAB Krivon Global,https://brightspacia.com/,,,,,,
EchoSpark OÜ,https://dartstation.shop/,,,,,,
Inventia LTD,https://easyfitplanner.com/,,,,,,
Panther Retail Global EOOD,https://knockoutco.net/,,,,,,
Boros Agency OÜ,https://poolnation.store/,,,,,,
UAB Anivela,https://primekickz.shop/,,,,,,
Vista Content Experts s.r.o.,https://provollyworld.com/,,,,,,
Ennestrad Service OÜ,https://shorevida.com/,,,,,,
Codemania LTD,https://upskillbridge.net/,,,,,,
Yaffimayah Vision OÜ,onlinecontenthub.net,,,,,,
Typhon SRL,puresounds.cloud,,,,,,
Boros Agency OÜ,Poolnation scriptgpt.online,,,,,,
Astronix Group Limited,skillcrafters.net,,,,,,
Slavin Technology Ltd,snookerhallsupplies.com,,,,,,
Mastar General Limited,wallvibe.net,,,,,,
Artavena Virtual OÜ,writemycontent.net,,,,,,
